{"cameraMode":{"drawMode":0,"name":"Shaded","section":"Shading Mode"},"sceneLighting":false,"audioPlay":false,"sceneViewState":{"m_AlwaysRefresh":false,"showFog":true,"showSkybox":false,"showFlares":true,"showImageEffects":true,"showParticleSystems":true,"showVisualEffectGraphs":true,"m_FxEnabled":true},"in2DMode":false,"pivot":{"x":0.14003100991249085,"y":-0.6667401194572449,"z":0.41414785385131838},"rotation":{"x":-0.0632542222738266,"y":-0.02036130428314209,"z":0.0012845625169575215,"w":-0.9978153705596924},"size":3.6518759727478029,"orthographic":false}