{"cameraMode":{"drawMode":0,"name":"Shaded","section":"Shading Mode"},"sceneLighting":true,"audioPlay":false,"sceneViewState":{"m_AlwaysRefresh":false,"showFog":true,"showSkybox":true,"showFlares":true,"showImageEffects":true,"showParticleSystems":true,"showVisualEffectGraphs":true,"m_FxEnabled":true},"in2DMode":false,"pivot":{"x":-2.089216947555542,"y":30.62862205505371,"z":-226.52574157714845},"rotation":{"x":0.06089860573410988,"y":0.00850444845855236,"z":-0.0008510425104759634,"w":0.9984368681907654},"size":6.535335540771484,"orthographic":true}