{"cameraMode":{"drawMode":0,"name":"Shaded","section":"Shading Mode"},"sceneLighting":true,"audioPlay":false,"sceneViewState":{"m_AlwaysRefresh":false,"showFog":true,"showSkybox":true,"showFlares":true,"showImageEffects":true,"showParticleSystems":true,"showVisualEffectGraphs":true,"m_FxEnabled":true},"in2DMode":false,"pivot":{"x":166.2159423828125,"y":290.70916748046877,"z":60.34001159667969},"rotation":{"x":-0.07062448561191559,"y":-0.21026688814163209,"z":0.015224327333271504,"w":-0.9750080704689026},"size":312.54473876953127,"orthographic":false}