{"cameraMode":{"drawMode":0,"name":"Shaded","section":"Shading Mode"},"sceneLighting":true,"audioPlay":false,"sceneViewState":{"m_AlwaysRefresh":false,"showFog":true,"showSkybox":true,"showFlares":true,"showImageEffects":true,"showParticleSystems":true,"showVisualEffectGraphs":true,"m_FxEnabled":true},"in2DMode":false,"pivot":{"x":332.7284851074219,"y":-8.28968334197998,"z":-17.646076202392579},"rotation":{"x":-0.49626415967941286,"y":-0.007295115850865841,"z":0.0041697099804878239,"w":-0.8681325912475586},"size":401.553955078125,"orthographic":false}