{"cameraMode":{"drawMode":0,"name":"Shaded","section":"Shading Mode"},"sceneLighting":false,"audioPlay":false,"sceneViewState":{"m_AlwaysRefresh":false,"showFog":true,"showSkybox":false,"showFlares":true,"showImageEffects":true,"showParticleSystems":true,"showVisualEffectGraphs":true,"m_FxEnabled":true},"in2DMode":false,"pivot":{"x":-3.1738719940185549,"y":-15.001832008361817,"z":33.252220153808597},"rotation":{"x":-0.1918552666902542,"y":0.04183749482035637,"z":-0.008203296922147274,"w":-0.9806019067764282},"size":23.39324378967285,"orthographic":false}