{"cameraMode":{"drawMode":0,"name":"Shaded","section":"Shading Mode"},"sceneLighting":false,"audioPlay":false,"sceneViewState":{"m_AlwaysRefresh":false,"showFog":true,"showSkybox":false,"showFlares":true,"showImageEffects":true,"showParticleSystems":true,"showVisualEffectGraphs":true,"m_FxEnabled":true},"in2DMode":false,"pivot":{"x":17.512004852294923,"y":0.8226337432861328,"z":-0.1039113998413086},"rotation":{"x":0.4211716949939728,"y":0.05622940510511398,"z":-0.026164960116147996,"w":0.9049109816551209},"size":4.529040336608887,"orthographic":false}