{"cameraMode":{"drawMode":0,"name":"Shaded","section":"Shading Mode"},"sceneLighting":true,"audioPlay":false,"sceneViewState":{"m_AlwaysRefresh":false,"showFog":true,"showSkybox":true,"showFlares":true,"showImageEffects":true,"showParticleSystems":true,"showVisualEffectGraphs":true,"m_FxEnabled":true},"in2DMode":false,"pivot":{"x":6.457279205322266,"y":-2.3979358673095705,"z":15.823871612548829},"rotation":{"x":-0.16871954500675202,"y":-0.38948023319244387,"z":0.07281066477298737,"w":-0.9025210738182068},"size":11.676250457763672,"orthographic":false}