{"cameraMode":{"drawMode":0,"name":"Shaded","section":"Shading Mode"},"sceneLighting":true,"audioPlay":false,"sceneViewState":{"m_AlwaysRefresh":false,"showFog":true,"showSkybox":true,"showFlares":true,"showImageEffects":true,"showParticleSystems":true,"showVisualEffectGraphs":true,"m_FxEnabled":true},"in2DMode":false,"pivot":{"x":3.4231455326080324,"y":-42.20182800292969,"z":24.91828155517578},"rotation":{"x":-0.5195547342300415,"y":-0.0033601075410842897,"z":0.0019866428337991239,"w":-0.8544819951057434},"size":38.879783630371097,"orthographic":false}