{"cameraMode":{"drawMode":0,"name":"Shaded","section":"Shading Mode"},"sceneLighting":false,"audioPlay":false,"sceneViewState":{"m_AlwaysRefresh":false,"showFog":true,"showSkybox":false,"showFlares":true,"showImageEffects":true,"showParticleSystems":true,"showVisualEffectGraphs":true,"m_FxEnabled":true},"in2DMode":false,"pivot":{"x":0.38041698932647707,"y":0.03836216777563095,"z":-0.5561855435371399},"rotation":{"x":0.46082183718681338,"y":0.11861639469861984,"z":-0.06225412338972092,"w":0.87739497423172},"size":1.5518763065338135,"orthographic":false}