{"cameraMode":{"drawMode":0,"name":"Shaded","section":"Shading Mode"},"sceneLighting":false,"audioPlay":false,"sceneViewState":{"m_AlwaysRefresh":false,"showFog":true,"showSkybox":false,"showFlares":true,"showImageEffects":true,"showParticleSystems":true,"showVisualEffectGraphs":true,"m_FxEnabled":true},"in2DMode":false,"pivot":{"x":-0.36200404167175295,"y":-1.4497685432434083,"z":-1.2344549894332886},"rotation":{"x":0.040638215839862826,"y":-0.9571613073348999,"z":0.16678299009799958,"w":0.23333027958869935},"size":2.6274454593658449,"orthographic":false}